<?xml version="1.0" encoding="UTF-8"?>
<con:soapui-project id="8f3fe740-a69c-4f09-a11f-ff7b89df2307" activeEnvironment="Default" name="MockRestServices" resourceRoot="${projectDir}" soapui-version="5.4.0" abortOnError="false" runType="SEQUENTIAL" xmlns:con="http://eviware.com/soapui/config"><con:settings/><con:interface xsi:type="con:RestService" id="ba8e2daa-a536-4548-adca-4877b62ab70e" wadlVersion="http://wadl.dev.java.net/2009/02" name="http://localhost:8080" type="rest" xmlns:xsi="http://www.w3.org/2001/XMLSchema-instance"><con:settings/><con:definitionCache type="TEXT" rootPart=""/><con:endpoints><con:endpoint>http://localhost:8080</con:endpoint><con:endpoint>http://localhost:8081</con:endpoint><con:endpoint>http://localhost:8082</con:endpoint><con:endpoint>http://localhost:8083</con:endpoint></con:endpoints><con:resource name="Validate" path="/validate" id="553db6cb-1cfb-4f80-90eb-ce379651b6a3"><con:settings/><con:parameters/><con:method name="Validate 1" id="ec93d1be-ba79-43a1-a75c-5780a960aea9" method="GET"><con:settings/><con:parameters/><con:request name="Request 1" id="5807f5ea-a4d6-4e75-a5b8-ef41f6f3e02f" mediaType="application/json"><con:settings/><con:endpoint>http://localhost:8080</con:endpoint><con:request/><con:credentials><con:authType>No Authorization</con:authType></con:credentials><con:jmsConfig JMSDeliveryMode="PERSISTENT"/><con:jmsPropertyConfig/><con:parameters/></con:request></con:method></con:resource></con:interface><con:restMockService id="38c6b89e-6205-4f41-beeb-b7a2550e795f" port="8080" path="/api/v3/validate" host="W101FWYLH2" name="ValidateMockService" docroot=""><con:settings/><con:properties/><con:restMockAction name="api/v3/validate" method="POST" resourcePath="" id="63001e7c-8c16-4f6f-92ed-69de303cdf6d"><con:settings/><con:defaultResponse>Response 2</con:defaultResponse><con:dispatchStyle>SCRIPT</con:dispatchStyle><con:dispatchPath>// Match based on body
def requestBody = mockRequest.getRequestContent()
log.info "Request body: " + requestBody

if( requestBody.contains("42289") )
{
    // return the name of the response you want to dispatch
    return "Response 1"
}

/*
// Script dispatcher is used to select a response based on the incoming request.
// Here are few examples showing how to match based on path, query param, header and body

// Match based on path
def requestPath = mockRequest.getPath()
log.info "Path: "+ requestPath

if( requestPath.contains("json") )
{
    // return the name of the response you want to dispatch
    return "JSON Response"
}


// Match based on query parameter
def queryString = mockRequest.getRequest().getQueryString()
log.info "QueryString: " + queryString

if( queryString.contains("stockholm") )
{
    // return the name of the response you want to dispatch
    return "Response Stockholm"
}
else if( queryString.contains("london") )
{
    // return the name of the response you want to dispatch
    return "Response London"
}


// Match based on header
def acceptEncodingHeaderList = mockRequest.getRequestHeaders().get("Accept-Encoding")
log.info "AcceptEncoding Header List: " + acceptEncodingHeaderList

if( acceptEncodingHeaderList.contains("gzip,deflate") )
{
    // return the name of the response you want to dispatch
    return "GZiped Response"
}


// Match based on body
def requestBody = mockRequest.getRequestContent()
log.info "Request body: " + requestBody

if( requestBody.contains("some data") )
{
    // return the name of the response you want to dispatch
    return "Response N"
}
*/
</con:dispatchPath><con:response name="Response 1" id="bf5e3245-9a9b-490a-a523-a1e1484ae58f" httpResponseStatus="200" mediaType="application/json"><con:settings/><con:responseContent>{
   "code": 0,
   "requestId": "5996E942-1162-4D12-88B9-409A1741387A",
   "timestamp": 1529613716839,
   "domainId": "",
   "cookie": "ulV9bg8SWDpsn3jtkX084Se2HodtJoJvRD1ZJ%2BPduD1uogHqae2sw5L1wL5%2B9bx7IYfj0ogQMu8byP0pofXhphYfTvW4DgDP",
   "userId": "63ba81b8-d4d1-33a1-8d0d-0ebf7c05c8fb",
   "timeStamp": 1529613716839,
   "data": {
     "authProvider": "google",
     "name": "Test Name",
     "username": "test@cloudcar.com",
     "id": "101295145866516906441",
     "email": "test@cloudcar.com",
     "image": "https://lh6.googleusercontent.com/-eg4dGjBcjDc/AAAAAAAAAAI/AAAAAAAAAAA/AB6qoq2r0CHdLnfA1o_93xO4m7EwM-o5Zw/mo/photo.jpg",
     "primary": false,
     "accessToken": "ya29.GlvfBdTUyCvMrZZv5fYJD2mS6DH2ZAqmNc2yLBFog5GLz0rhpQjfDLoBV4IaXUOa4aYkBEm9SdEr2w36GjLwYY4xATvSUj3K3BhaSBdxNwwTsbEhj9_-N58nxXy5"
   }
}</con:responseContent></con:response><con:response name="Response 2" id="39b8afe7-5fd7-49ce-9849-ee24d5a6eb64" httpResponseStatus="500" mediaType="application/json"><con:settings/><con:responseContent>{
  "code": 0,
  "requestId": "7B3A9239-38BC-4004-B0F0-23E556A378E1",
  "timestamp": 1582135443091,
  "domainId": "",
  "error": {
    "speak": "passcode not exist"
  } }</con:responseContent></con:response></con:restMockAction></con:restMockService><con:restMockService id="0c89a4f6-0747-4a6a-9094-d29b738189e7" port="8080" path="/api/v3/auth/update/status/telegram/true" host="W101FWYLH2" name="update/status/telegram/PUT" docroot=""><con:settings/><con:properties/><con:restMockAction name="/api/v3/auth/update/status/telegram/true" method="PUT" resourcePath="" id="ba1f3468-d4e8-4697-8d7d-9e97c6a02540"><con:settings/><con:defaultResponse xsi:nil="true" xmlns:xsi="http://www.w3.org/2001/XMLSchema-instance"/><con:dispatchStyle>SEQUENCE</con:dispatchStyle><con:dispatchPath>/*
// Script dispatcher is used to select a response based on the incoming request.
// Here are few examples showing how to match based on path, query param, header and body

// Match based on path
def requestPath = mockRequest.getPath()
log.info "Path: "+ requestPath

if( requestPath.contains("json") )
{
    // return the name of the response you want to dispatch
    return "JSON Response"
}


// Match based on query parameter
def queryString = mockRequest.getRequest().getQueryString()
log.info "QueryString: " + queryString

if( queryString.contains("stockholm") )
{
    // return the name of the response you want to dispatch
    return "Response Stockholm"
}
else if( queryString.contains("london") )
{
    // return the name of the response you want to dispatch
    return "Response London"
}


// Match based on header
def acceptEncodingHeaderList = mockRequest.getRequestHeaders().get("Accept-Encoding")
log.info "AcceptEncoding Header List: " + acceptEncodingHeaderList

if( acceptEncodingHeaderList.contains("gzip,deflate") )
{
    // return the name of the response you want to dispatch
    return "GZiped Response"
}


// Match based on body
def requestBody = mockRequest.getRequestContent()
log.info "Request body: " + requestBody

if( requestBody.contains("some data") )
{
    // return the name of the response you want to dispatch
    return "Response N"
}
*/
</con:dispatchPath><con:response name="Response 1" id="67ef10c3-d5f1-4617-a43b-5713e4686a71" httpResponseStatus="200" mediaType="application/json"><con:settings/><con:responseContent>{
  "code" : 0,
  "requestId" : "EE9F0363-0709-416B-B6F9-12B4BB7725FA",
  "timestamp" : 1584466932131,
  "domainId" : "",
  "status" : "SUCCESS"
}</con:responseContent></con:response></con:restMockAction></con:restMockService><con:restMockService id="4f969081-3101-42ad-9c70-ba6f70275acc" port="8080" path="/api/v3/global/domains" host="W101FWYLH2" name="api/v3/global/domains" docroot=""><con:settings/><con:properties/><con:restMockAction name="api/v3/global/domains" method="GET" resourcePath="" id="51c5d128-407f-4162-b954-5dd79bcf412c"><con:settings/><con:defaultResponse xsi:nil="true" xmlns:xsi="http://www.w3.org/2001/XMLSchema-instance"/><con:dispatchStyle>SEQUENCE</con:dispatchStyle><con:dispatchPath>/*
// Script dispatcher is used to select a response based on the incoming request.
// Here are few examples showing how to match based on path, query param, header and body

// Match based on path
def requestPath = mockRequest.getPath()
log.info "Path: "+ requestPath

if( requestPath.contains("json") )
{
    // return the name of the response you want to dispatch
    return "JSON Response"
}


// Match based on query parameter
def queryString = mockRequest.getRequest().getQueryString()
log.info "QueryString: " + queryString

if( queryString.contains("stockholm") )
{
    // return the name of the response you want to dispatch
    return "Response Stockholm"
}
else if( queryString.contains("london") )
{
    // return the name of the response you want to dispatch
    return "Response London"
}


// Match based on header
def acceptEncodingHeaderList = mockRequest.getRequestHeaders().get("Accept-Encoding")
log.info "AcceptEncoding Header List: " + acceptEncodingHeaderList

if( acceptEncodingHeaderList.contains("gzip,deflate") )
{
    // return the name of the response you want to dispatch
    return "GZiped Response"
}


// Match based on body
def requestBody = mockRequest.getRequestContent()
log.info "Request body: " + requestBody

if( requestBody.contains("some data") )
{
    // return the name of the response you want to dispatch
    return "Response N"
}
*/
</con:dispatchPath><con:response name="Response 1" id="18832b27-7474-43d7-8d24-3451dbc83c26" httpResponseStatus="200" mediaType="application/json"><con:settings/><con:responseContent>{
  "code" : 0,
  "requestId" : "9a5586bb-5152-493e-97c7-2cafb76d2755",
  "timestamp" : 1584466928426,
  "domainId" : "",
  "data" : [ {
    "id" : "place",
    "name" : "PLACE",
    "isEnabled" : true,
    "supportedCountries" : [ "DE", "RU", "BE", "PT", "CH", "JP", "KR", "CN", "IT", "FR", "ES", "BR", "AT", "AU", "GB", "US", "CA", "NL" ]
  }, {
    "id" : "media",
    "name" : "MEDIA",
    "isEnabled" : true,
    "supportedCountries" : [ "DE", "RU", "BE", "PT", "CH", "JP", "KR", "CN", "IT", "FR", "ES", "BR", "AT", "AU", "GB", "US", "CA", "NL" ]
  }, {
    "id" : "people",
    "name" : "PEOPLE",
    "isEnabled" : true,
    "supportedCountries" : [ "DE", "RU", "BE", "PT", "CH", "JP", "KR", "CN", "IT", "FR", "ES", "BR", "AT", "AU", "GB", "US", "CA", "NL" ]
  }, {
    "id" : "productivity",
    "name" : "PRODUCTIVITY",
    "isEnabled" : true,
    "supportedCountries" : [ "DE", "RU", "BE", "PT", "CH", "JP", "KR", "CN", "IT", "FR", "ES", "BR", "AT", "AU", "GB", "US", "CA", "NL" ]
  }, {
    "id" : "iot",
    "name" : "IOT",
    "isEnabled" : false
  }, {
    "id" : "knowledge",
    "name" : "KNOWLEDGE",
    "isEnabled" : false
  } ]
}</con:responseContent></con:response></con:restMockAction></con:restMockService><con:restMockService id="d34c8ed8-f79c-4d70-a321-c72005c7a39a" port="8080" path="/api/v3/telemetrics" host="W101FWYLH2" name="/api/v3/telemetrics" docroot=""><con:settings/><con:properties/><con:restMockAction name="/api/v3/telemetrics" method="POST" resourcePath="" id="4721109d-2834-42e7-a2c6-deb58b886630"><con:settings/><con:defaultResponse xsi:nil="true" xmlns:xsi="http://www.w3.org/2001/XMLSchema-instance"/><con:dispatchStyle>SEQUENCE</con:dispatchStyle><con:dispatchPath>/*
// Script dispatcher is used to select a response based on the incoming request.
// Here are few examples showing how to match based on path, query param, header and body

// Match based on path
def requestPath = mockRequest.getPath()
log.info "Path: "+ requestPath

if( requestPath.contains("json") )
{
    // return the name of the response you want to dispatch
    return "JSON Response"
}


// Match based on query parameter
def queryString = mockRequest.getRequest().getQueryString()
log.info "QueryString: " + queryString

if( queryString.contains("stockholm") )
{
    // return the name of the response you want to dispatch
    return "Response Stockholm"
}
else if( queryString.contains("london") )
{
    // return the name of the response you want to dispatch
    return "Response London"
}


// Match based on header
def acceptEncodingHeaderList = mockRequest.getRequestHeaders().get("Accept-Encoding")
log.info "AcceptEncoding Header List: " + acceptEncodingHeaderList

if( acceptEncodingHeaderList.contains("gzip,deflate") )
{
    // return the name of the response you want to dispatch
    return "GZiped Response"
}


// Match based on body
def requestBody = mockRequest.getRequestContent()
log.info "Request body: " + requestBody

if( requestBody.contains("some data") )
{
    // return the name of the response you want to dispatch
    return "Response N"
}
*/
</con:dispatchPath><con:response name="Response 1" id="8f8332ae-62df-410d-b949-247e3764d543" httpResponseStatus="200" mediaType="application/json"><con:settings/><con:responseContent>{
"code": 0,
"requestId": "F141225F-B1EE-4AA9-8345-6231E0595D93",
"timestamp": 1584477877805,
"domainId": ""
}</con:responseContent></con:response></con:restMockAction></con:restMockService><con:properties/><con:wssContainer/><con:oAuth2ProfileContainer/><con:oAuth1ProfileContainer/><con:sensitiveInformation/></con:soapui-project>